name,yelping_since,average_stars,user_id,review_count
Jesse,2011-05-01,3.74,DWfos3PxcrkqAJoAZHEg3A,143
Lauren,2011-01-10,3.76,vLixm38Zd-xgAvN1LQJfKQ,367
Neha,2012-05-01,3.47,JmMXYQJio5eXgOvVZl_xGw,209
Jennifer,2010-07-30,3.69,N0qq4upibIRvLzE2SzVPtQ,376
Dee,2012-04-09,3.48,DQ5Szn4T14ddEd6F5jHHpg,173
Kellee,2010-01-19,3.45,ZsUSGU1-L1ImomLZjXxxTg,606
EJay,2009-03-28,3.45,HRyFtrmf19GTKEM_kOa2pg,368
Shari,2007-06-17,3.6,7HOTOydGS7wJYaJqNoDfeg,294
Cindy,2012-03-16,2.82,y5YNzZwQuYxgE-jSDcZLxA,357
Shannon,2009-05-24,4.31,tQVTyovdm4doXxDSkfYUUw,268
Mel,2011-02-06,4.21,3CMiTAhq_o_GP1tLs-ihbg,588
Sophia,2014-06-05,4.29,LTCxnnAQGaGZPHZx4KbvGA,203
Keith,2007-11-14,3.55,N044aCKJv3G5WuvwT5AJcA,400
Kent,2010-05-07,3.48,fAfGwjh5A_ydd0A4ZdGenw,507
Sam,2012-05-02,4.26,NwxF1Ftc-4P5Pl_SSXThQA,263
Justine,2011-08-15,3.38,LmWO_u9v7e1vMJlNykjUoA,207
Steve,2010-11-08,3.62,sADnfWdDNhHnrox8vc4Kkg,250
Elizabeth,2012-08-23,4.44,Hw5riZfnB-B7G79vBTOssA,373
Mr,2006-09-03,3.45,AKXqbuifvfvNEpr3Qs51hQ,380
Cara,2014-01-27,4.06,RlpkcJqctkKXl-LO1IAtig,473
Ernesto,2012-05-29,3.63,LnnYSUlw_MVdtoYUt4oZ5g,234
Poco,2011-07-12,4.19,D43OWyfzIQjL8feJpYh2SQ,476
Nydia,2011-01-14,3.91,04J_q_VhSBItxNiEAN-gkA,441
Elizabeth,2010-04-06,3.9,zgV0ZroIF956gw4cul8MHA,608
Jen,2007-12-25,3.73,Xxvz5g67eaCr3emnkY5M6w,2075
Tiff,2012-02-17,3.15,m7z-tX6XDZ27xGhGjnI21w,535
Brian,2008-08-22,4.21,qOn1VFThKD5y5zrFEQXpGA,180
Teresa,2011-02-06,4.39,7GVA958q4zs5Z8cdHauU5Q,835
Kaitlin,2010-06-24,3.68,i6nzTfZ8TRckJOGgZIpr5Q,613
Lisa,2014-06-02,3.93,8Ox2EA8A7FVSzVEM3TRn7Q,198
Ellen,2014-01-10,3.69,55bAo20xQNIA2CfMKIDtPA,210
Maheen,2011-08-15,3.8,gS4QCL6j_umAyfJXBGAZJQ,400
Shigeru,2014-12-22,3.21,mvq6mTZBd3mdDg_bZRWiuQ,263
Evan,2009-09-22,3.81,CcOgdfEJxgrxTAwag5k18Q,484
Veronika,2010-05-10,3.59,RoJCMSycQZGEefAh8-OHJg,287
Andrew,2008-07-11,3.79,Ksp1e9Dw0Jcog_ZBD3-45g,554
Lesley,2011-11-05,3.27,HWLr60IBXAy9HD23W3Xmfg,311
Ashley,2012-05-03,4.32,OW0PZxoGFGSOthAmN_cSUg,212
Steph,2009-10-24,3.46,8HCEPF0IflyB690Q745fKg,523
Rachel,2009-09-18,3.97,Ytjon2aVUm09CMdfGJxZYg,636
Anna,2009-03-10,3.82,jyz8-hAPGRjurBVp9DST9A,337
Nora,2010-09-08,3.69,TVkU2gHhe05v_lgsE_NccA,509
Royce,2015-09-07,3.8,kbfpED-6FURIsNlsAXqc2g,398
Steven,2011-03-28,4.22,LG-FOXQL0zUcRQuqkhq-Zg,390
Michael,2012-04-12,4.07,gtwM4ijo65AN4DvXdgCu_w,318
Geneva,2012-01-01,3.54,p9c15C0TiryLJKobzwPt1A,154
Charlotte,2011-04-10,3.35,2vJ2e51kdbdAmAo_HTr4KQ,473
Sabeve,2015-12-16,3.93,22dqLO1If5t3j06a2gd7lA,172
Aimee,2015-12-18,3.6,T13IBpJITI32a1k41rc-tg,304
Martin,2009-03-27,3.75,pcynTq-0cvM1fEW0oBVyww,140
Erica,2012-01-14,3.76,9pNcdrQLWWrX0vEGGJlEbg,341
Sylvia,2010-08-12,4.0,lT49-Xggq_VAB2E9dce0yA,362
Paul,2011-06-19,3.58,HJj82f-csBI7jjgenwqhvw,925
Mar,2011-09-13,3.61,7nI_9eRz1YKnaA0AYTLiBw,262
Anthony,2011-01-25,3.61,_7PfR6Tvh2xTbiVi1GELoQ,356
S,2014-12-24,3.85,0uNxhZAFbkalQImzJ6UDUA,492
Stefany,2011-06-29,3.36,bLbSNkLggFnqwNNzzq-Ijw,4187
Eric,2008-02-22,3.98,_uqIpl5tzucKuIlZZPBZRw,596
Yvonne,2009-08-17,3.36,ahwwAXJ_qwGmuRjTOHHMWg,461
April,2011-08-17,3.78,ACwN3HGetqPVhAgGKzdnsA,487
Megan,2010-01-22,4.43,CKRfBUqQGaVCYTKN5kDrzw,546
Brandon,2013-01-18,3.89,KgFOJnWXxVuz0b-xfo6jjw,206
Michele,2011-06-23,3.7,UL5K2rnSYIPD1LcqPgbmDQ,253
Irene,2011-10-05,3.35,UXpTrzITc0yg08sXftsa-w,293
Tori,2010-08-30,3.72,b3DYIU3TFc4gy9H_50_hUA,251
Luciana,2010-04-18,3.99,1ghFOCMBpo2bGaWu_c1tcg,827
Jeff,2008-09-20,3.82,rhE4gLtM0gb3XLwSz6HPCw,191
Becky,2013-04-22,3.98,bdRS6ZRxf6CNrnULnMI1cg,251
Stacy,2010-08-30,3.13,ThTUwfNAdWrK6tKvl-Dtpw,235
Agnes,2013-04-29,4.26,WdD8hWn-NjSyDYoHqin_tQ,284
Brian,2009-06-29,4.08,nPXVprOV3ioobtAc_s7-CA,474
Lauren,2012-09-06,3.86,bu1mtWwxuayzV6b3VScWLw,418
Kris,2012-04-18,3.97,WeVkkF5L39888IPPlRhNpg,1289
Todd,2007-07-31,3.88,c8cur4lMkQsHoUEqm-qwxg,292
Flo,2011-03-04,3.77,Nbr4DYLPxURjxelLVTSt8A,170
Joe,2011-03-14,4.21,5ANQiGT0d0RWMJG1LCvNWA,174
Ania,2014-05-27,4.05,LNPyE5X1K5B_flcTCH9StQ,465
Tina,2015-10-14,3.89,2jKzO_01d12oiu-2bOYcYg,344
Ben,2016-08-09,4.44,tFSnxUGaNa2pwb4zClBu_Q,182
Sue A.,2012-12-19,2.97,YqMpcRUA0OMw1WNLDGoj-A,300
Sprinkles,2010-02-16,2.79,uByIGcI5EJeKNGyBtCkWBw,203
Kristin,2007-01-02,3.79,_txhy3UvyGffFh8FLO2_qw,544
Dave,2007-12-23,4.07,Wi0VgIrbb8vqU6weyVw6tg,437
Christa,2014-05-04,3.78,zXBH5QYe1WJCvQdkYBs9JQ,541
Kyle,2010-09-16,3.77,1DsuFRjdW0gDA23Xswzoqg,490
Shirley,2010-10-23,4.07,2EuPAGalYnP7eSxPgFCNDg,509
Dana,2010-07-12,3.68,7tpZVkiYuMbDP4-NufK2Iw,333
Frances,2007-05-17,3.63,gvyYZgFdBbcT3xGjWOvZag,1184
Stevey,2006-09-14,3.73,Yej5B4nd8PqpHMQcmCTDrg,553
Dave,2009-07-05,4.06,vupnMb60HSaTZrMPYsNsiw,259
Christine,2010-06-13,4.1,DquHHYio5bIqZ5vQlC95_w,468
Rashmi,2014-03-20,3.73,CjhTdmN6qWEKC7Zo6qadow,441
Kart,2011-02-11,3.63,kwIhn1_cnQeUaLN0CuWWHw,212
Brad,2009-11-10,3.12,ELcQDlf69kb-ihJfxZyL0A,1574
Melissa,2008-05-03,3.7,Apj8bnqWlnaiSu4YDl0wDA,311
Elvis,2010-11-17,3.16,gwIqbXEXijQNgdESVc07hg,1018
Stan,2011-04-03,4.05,GOTjwdXD6bNZ-_qjY7GYYw,442
Kenny,2009-03-06,3.8,wnFWoQ63F9-ohUQ-C0AeIw,742
Bethany,2013-03-27,3.81,xhhE0txKwQtRzgQVVdKkvg,997
Stephanie,2010-02-13,3.64,pu_AQig2fw40PshvtgONPQ,394
Marc,2013-07-24,3.58,eytpwJXgg5nWU6jrlQ6qAA,292
Tzarina,2013-09-22,4.03,ia5kvJxYR8gPItl9O4W0Mg,275
Kenn,2007-10-16,3.73,ldqh2aWLTW6D2RHDCj_2TA,289
Jay,2012-05-13,3.36,rLl5jjjUK1crVfzbXoQrTA,330
Brad,2008-06-09,3.94,KTK_ws8lu_TWfR7DtDWjMA,809
Candyce,2011-09-27,3.76,oIxsWOWytMmV4bf_ffo01w,824
Chris,2014-08-01,3.49,sOCuf-jZo43DUzWTDKiR9w,281
Allison,2011-04-10,3.58,VacS9fgNkuZ3gDqDHViKuw,270
Jaswant A.,2011-11-14,3.82,0d7gFJUi4cV3I7j1dHn9fQ,576
Megan,2012-01-09,4.07,dGUOe2TBchiGvU1BNkmTog,531
Cathy,2016-01-10,3.57,7svBs9qqPJHPRXZ56Q3ZuQ,227
Billy,2010-11-09,3.43,-_2h2cJlBOWAYrfplMU-Cg,395
Mur,2009-07-20,3.61,qnoXQsDOTOFwJEYXSCnHEQ,205
Julia,2009-09-05,3.66,aDYNz8cujkDdmbiOh95ANA,1055
Jared,2013-02-24,3.1,1fNQRju9gmoCEvbPQBSo7w,649
Karen,2011-05-17,3.71,rGd8YUtvhSdMm8-9cMdQ4Q,589
Amelia,2011-11-16,3.4,m5b84-nPPVNLlDtZyVGZ3w,586
Sabrina,2010-09-19,3.52,L3DxG0n3lRq5N2lv1QNrrA,208
Jack,2010-03-30,2.83,DPitNu466172os6m0Yri1Q,526
Mark,2012-10-28,3.98,oUst55rUuv2nKEQ0FgJ5GQ,293
Sandy,2009-02-25,3.73,gAmmEZLSdj5KXvOlPUQRfQ,301
Samantha,2009-03-16,3.62,YMgZqBUAddmFErxLtCfK_w,1754
Elle,2014-01-10,4.13,FREeRQtjdJU83AFtdETBBw,601
Cynthia,2006-02-10,3.73,53bZ_EsXH71L7iFs5MP9_w,1983
Tien,2007-12-21,3.99,7A7FOLZZKL0iokQVOAEbgA,307
Anthony,2010-02-14,3.84,WJKocp9RE0KatUwh3_DkGg,248
Rick,2014-07-29,4.06,YLeDSZ1Nh1N0hNsSyQdE3A,196
M,2013-12-16,4.27,5fZk-aijjsRehb_jZJRXag,164
Rebecca,2012-04-19,3.78,3DltS5Wr9MOntnc8StBFBA,480
Jessica,2015-05-12,4.2,XOk0Wx1X2qzK5GQq05Aaww,177
Corey Tess,2010-01-06,3.93,MWuVbyBgP4vD24Rc7UH5xw,656
Kemlyn,2016-05-15,4.19,9gZ4pQHdK6v8xMLig6EEFA,589
james,2010-09-12,3.75,D6SEKcIne80A0AhwiEV2Rg,655
Jamie,2010-10-14,3.25,JYcCYNWs8Ul6ewG5kCYW4Q,458
Matthew,2014-05-27,4.59,V7B4KTBitlBs9YH_B00-9Q,410
Melissa,2009-03-04,3.31,GERRIWMslcP4-O6mLErPSQ,879
Lindsey,2013-02-18,3.68,3lVLT3IbXB8s1KAgR9NpDg,328
Corabelle,2014-01-28,3.9,fVILhIglx6RNOXQba5t4kQ,481
Anthony,2012-01-02,3.7,v6SrDjzqb3oS6CbHB0xjPw,292
Hailey,2015-07-17,4.42,e6iCOIhtupBCiw-VwBvJ4A,617
Bryan,2012-04-11,3.86,alr2xk5KBJXHd6zVuEqdDg,256
Wayne,2009-02-17,2.85,xNKjIktegMyHVSXFznJTRg,550
Monica,2010-05-24,3.77,lQGJcwX105k17081f6pulg,462
Holly,2008-05-11,4.04,iAevEfcmtCr2cpd6IRqnTA,737
Karen,2007-08-04,4.01,zwhty_ZmxbHAHoDfMjNbag,504
Michael,2015-07-29,3.45,CQ67NJigSe5-uBDX3b_CUw,277
Norm,2009-04-30,4.19,24AzZDQKHySwMQR7VQVCAg,686
Elaine,2010-06-07,3.56,j6wLUT0ZXi-x0otelYIFpA,954
Kelly,2011-12-02,4.02,zTK1nPD2Hpa-ksSXsE-JzQ,731
Joyce,2008-08-03,3.87,3Uv0dGI2IXJb2OUj8R2GJA,506
Jasmine,2008-01-14,3.65,O7ojHP59iSi32uhEDUR44A,694
Candace,2007-07-29,3.17,h9RUaaHa5kcQKqtJ-sgS0Q,382
Ryan,2015-04-20,3.27,clmrlflES5HrXS-gl_YmrQ,357
Chad,2011-06-12,4.15,iSC96O2NjQc3JExGUHQG0Q,573
Jenny,2012-02-09,3.46,_t3BJzyGaqr9mcDazYiYAQ,515
Christina,2007-05-15,4.05,pN6pzJR6mK7549M0azoaxg,268
Larissa,2012-10-15,3.91,M9TjYmTgHayJ22cNkyvW_g,600
Britt,2010-02-18,4.27,QG9ZJatKSWj5p5VrW3cfMA,279
Natalie,2007-10-09,3.79,avmRUkWovTsaDqKiNKdivQ,279
Arnel,2010-04-30,4.22,Ryxj0u0AW3mRsRypdYli2A,2058
Anthony,2012-06-25,3.49,AY_cjY1bRAD-I_K11dYvOA,269
Tony,2014-05-13,3.51,4ZkQwaOoLT2eJWux9fE1Jw,268
Lauren,2007-01-23,3.6,HhVNG_1NOEyxfxudd6TSCg,670
Hector,2010-11-17,3.84,JqP9_2Ky-X1MRro0pBPPNQ,198
Benjamin,2009-12-30,4.13,AvC5XQAElcGAAn_Wr5auEg,1128
Natasha,2013-08-25,4.14,W4ZuWztx47aiksyYPUMYDw,264
Jason,2009-04-02,3.73,NsegE9Mqm3GCQeSx0v0tYw,238
Lauren,2009-07-10,3.51,VZRxANvyTm2ixS6jYDGgEw,445
Lavinia,2013-01-27,4.35,HHrDK8PKL3div1uBYym6LQ,288
Ramsey,2009-01-06,3.74,TprC8sujz8MkwuomrqUSiw,247
Demetria,2009-06-05,3.74,9IRuYmy5YmhtNQ6ei1p-uQ,703
Tracy,2014-10-17,3.39,eY6TPklHTeOaQt9F8a_SGQ,383
Jenny,2011-08-03,3.83,Rdt-JiAN7Qlw3dJ7UVdNtw,406
Stacy,2009-06-11,3.73,771OWzbzelsEeSlx8QsfsQ,202
Ashley,2014-01-01,4.56,el3TmKFEFzZOcNbCw2FNlQ,235
Marisa,2009-08-13,3.98,6rGVoAI0Bl8ZEbMNJWOK3w,818
Lambert,2014-03-11,3.57,65yB0ydGXOZ_-T6J_GbKfw,1206
Rich,2011-02-23,2.59,FgyvflZtqRF03j5bIrlnlA,268
Jessica,2008-11-02,3.96,wHAxtj5Gbk9xywIJRrzcKQ,296
BloodyExpert,2016-03-06,3.1,mrpDR4jeLYun7bLMbw5a4w,191
Nicole,2011-03-22,3.64,WaAOt_eG0_-yLpG3fI--3g,471
Jennifer,2011-11-06,3.74,61AymMi8D4RTQ2aa1w41ew,597
Jennifer,2009-05-02,4.04,cMEtAiW60I5wE_vLfTxoJQ,4124
Dilys,2015-01-14,3.78,Vqp0dpug9Db-kFHO3PkAaQ,164
Jeremy,2008-08-14,3.39,xwXw5HW3Y6Gr37V0KxX8sA,328
Georgie,2010-07-02,3.67,A0j21z2Q1HGic7jW6e9h7A,1244
Karen,2014-04-25,3.86,jwctwzboGhQmtC50Juxa9A,351
Morgan,2013-05-29,4.27,sHY6JcgWOHLP4vR836Esmw,175
John,2010-09-22,4.09,Olo_x4fV1sFBtlj6COf9Wg,405
Melissa,2009-08-23,3.46,R1RDHafKh9T426DijeRixA,317
Brent,2008-07-25,4.13,WMMI5Q4Rmm1Rqdu0jOvyhQ,405
Kate,2012-07-25,4.07,BA9SDRZGyRcUMxTdUTVhmw,385
Lauren,2012-06-10,3.79,ayoslNT7RdE-LyzS-fJVFA,232
Yvonne,2010-10-28,3.34,HFItzRohDHZvcKDrM6ABZg,599
Mario,2011-10-01,4.37,DzyBToexbfik0zt7ppky-Q,403
Jeff,2013-09-19,3.85,fCWEsW3lhZk2RQ0zPrqvsw,346
Miam,2014-05-08,3.52,z66KKknqWzFBWZb0GbEi2g,221
Beth,2009-01-02,3.78,gVmUR8rqUFdbSeZbsg6z_w,485
David,2011-10-21,3.99,A5A34ixb-yy6nwL42iZsnw,409
Jill,2012-01-31,4.09,jUZW1alRK8QvdZ-pH1OquQ,315
Dana,2013-08-02,3.68,Isf8G6HPbNqEisKDjmUlbw,792
Arana,2010-06-28,3.83,B7AjB8W2BWJtXPjweJs9pw,321
Peter,2012-08-27,3.95,CjHWRUKXhhley9N9NLS07Q,320
Bobby,2010-03-10,3.63,W1AFbtC37Q1RzdrKS51NmQ,360
Samantha,2009-03-30,3.55,JmhVFueYvJe0CsUddwuajw,338
Danna,2010-11-18,3.39,wc4XAA5pC3b1UgooSypHwA,427
Brian,2012-07-28,3.71,zBi_JWB5uUdVuz3JLoAxGQ,681
Dustin,2010-01-05,4.14,gtuRablOmw5O08QoKbn0fQ,266
Sarah,2011-06-04,3.53,oUuR4_EUsq1ZGokfdl7EeA,241
LJ,2011-03-07,3.87,vWP8-aQX0rYJszqkWVL7Ew,563
Morgan,2008-03-21,4.08,T8LqkYbwMPZmvXSsUfN8sQ,398
Faith,2009-03-05,3.83,Reuq65EOFI938Yg8xgff9g,1128
Soo Jin,2009-04-25,3.18,niKu4se6xtf-ctlm0udr1w,514
Toni,2010-04-28,3.66,Et79VAN692zD2j32PM1E8w,404
Tiger,2011-12-28,3.47,xVV86BToDOQGxE1gt9MMvg,347
Kelly,2011-08-26,3.91,dvwFC5u09dbG_16AeNKBmQ,368
Heather,2006-06-24,3.82,XXKjsdglgwSs9kWtK6ZWUQ,486
Jasmine,2008-05-02,3.46,bhJ6ivAuSpgXP4JiKWjSZQ,931
Antonia,2009-07-26,3.79,u_wqt9RshdZsoj8ikLqoEQ,420
Jenifer,2009-06-23,3.85,3AV5ONopdwL5qKYW20SRdg,249
Stephanie,2008-01-19,3.54,Rs-HbyVraRCP2X4ey1t-IQ,239
Darrell,2012-10-13,2.9,7dnh9OrD8LekBwvachGH5Q,1660
Kimberly,2009-07-12,3.81,1sGYXSkJHPhJ6wQtc-RbZw,705
Mya,2012-01-11,3.81,veeaBpjDwo-xfHSz3z3PWg,352
David,2011-07-05,4.22,8AwcaBJjiMpQ__FPxktwwQ,852
Paul,2010-10-06,3.94,QYobbHEmhLGuS6QDqVRTLw,308
N,2009-07-18,4.2,w1TjcJ6itK7LC_IY61NQIQ,205
Laura C,2010-03-18,3.58,0BBUmH7Krcax1RZgbH4fSA,1180
Shannon,2012-07-31,4.01,8fsZcLADFrPTbGrFqMACpg,360
Jamie,2009-09-11,4.01,67HwuY1mtttvvnqn9tHU0Q,436
Ryan,2008-07-28,3.87,2ZZNOoMQ7WFvFoxDUFw1wg,323
Jason,2009-01-30,3.66,8959F5stCzJWI_I7dgxurg,455
love lv,2010-06-10,3.57,Zb2T6JhcBGzgc6RWmldbDg,203
hilary,2009-03-12,4.03,TK7208ZMWAERUUY2dEtD6w,183
Elizabeth,2013-02-18,4.39,ICw4trkmmulxI-SwmY0yiQ,255
Marina,2011-04-04,3.83,hMnVzdUPwloQ2OomQbrY_Q,230
Jessica,2014-10-25,4.14,Nhk0jTP2gkU12G4LHJVR3A,278
Dyanna,2011-06-22,4.03,NjNJ1JLnMlOfnDI6Oz6Qew,348
Su-shien,2008-04-02,4.32,9uE0smG2bwgkI95RPj0lPQ,433
Dan,2010-06-20,3.73,wOGfOjBaP-lCS1NW_En2LQ,164
Christie,2012-04-12,4.03,eZfHm0qI8A_HfvXScwIYsg,476
Cynthia,2012-09-21,3.82,9ks-80ZxeCZWNObzEbW4-Q,507
Yukie,2014-08-20,3.68,XrYTMhY9YJvzX2pMepIz7A,278
Bernie,2012-07-16,3.4,pMefTWo6gMdx8WhYSA2u3w,1100
Arvin,2008-08-25,4.66,jX7n6KfNZ22kBh6AHhxRbA,253
WaYnE,2010-03-30,3.2,Wu0yySWcHQ5tZ_59HNiamg,1086
Sandra,2014-01-13,3.7,pxzs-Dy2hXTis-PuNCV37Q,267
Teresa,2013-01-19,3.82,Hci2c0qo98CO-Pv-VmV7gg,270
Jenny,2015-08-01,4.17,EtFYEN0sbxkZOOt3DE7vWg,406
Don,2008-05-30,3.74,lU_aNRWw8edBmIi5_NARmg,332
mark,2008-04-15,3.26,nGoKau64-PtetuzfcRW3jA,334
Brad,2010-08-29,3.02,K-w94EzfWkpl8YhpTeqW0w,238
Roger,2011-08-09,3.6,0FMte0z-repSVWSJ_BaQTg,709
Christi,2011-03-17,3.82,PVyZXgOkVtnU6966FDFhuw,569
Logie,2010-07-31,4.02,8UPTxp6SXvQe6JoEbEGcyA,439
Meghan,2014-07-05,4.18,DeXKbQYNx52OlOizobOLJw,580
Ebony,2009-04-18,3.89,92e_B3VDY5TqxVYsKuNzKg,602
Marie,2011-02-12,3.48,BI4jBJVto2tEQ0NiaR0rNQ,538
Barbara,2014-04-11,3.7,C7lXOTSLUAHG3gkG_Q_39w,349
Laura,2010-10-03,3.78,135DbbQnr3BEkQbBzZ9T1A,599
Angela,2011-06-25,3.48,SfY0jEFqBkrqq9bVi6P31Q,573
Ayesha,2008-03-19,3.61,5uiCy0vSIknuDEHc7yHRkw,315
Jen,2013-04-09,3.82,wcDhhBk1d0_lCdvB8sds1g,311
Jason,2011-09-11,3.82,4m9NXICYBC5i9t4aTt-I6w,1366
Sarah,2007-10-25,3.86,OPN-dDUBkH7uH-G8nOnskg,537
Carlos,2010-08-17,3.82,jzkbhkRdjWPwTIOgRGggIg,520
Clint,2009-06-24,3.64,C2C0GPKvzWWnP57Os9eQ0w,1117
Melissa,2007-11-08,3.8,ZQYNombDho1PYfnEWFZevw,464
Ghia,2009-12-06,3.93,Y8adrWFzckrjuC11aAs9Og,406
Mick,2014-04-17,3.67,PdCR2ElSc0cVym5dCN3Zsw,388
Larry,2007-08-14,4.49,_bUf-9uN9ajvLs03VBxn6Q,284
Lynnette,2012-02-07,3.77,-tQ3UVVdNBZBR_HOVFROzw,323
Evan,2010-01-26,3.59,gScmsSCqBeFPp6q9yG5nmw,553
Mike,2008-10-23,4.15,Mho2GibREwsPesKEyQbt8w,252
Rachel,2010-07-25,4.1,-267Yx8RmdP6io2-qI4UcQ,216
Chuck,2011-06-21,3.96,FTZyZbr1eF7s3Ss7uSLcXQ,396
Bebe,2011-01-13,3.36,Nvpx9fUIAB3oddqgRLEPfg,269
Stephen,2011-09-25,4.06,a85qPvr6L63PF0v9Zs8ZAg,333
Alana,2013-07-02,3.9,YF3KmwYMeONIfX02OTxwFw,268
Robin,2014-02-11,4.03,UHHraFRu5NKvZqIHp2O02w,181
Mary,2011-06-29,3.72,NrpzAH3EoNhWUR8OysUhBQ,248
C,2010-01-17,3.79,qgbRvkZ8tUiAtNAM34YBzg,269
Jared,2010-01-23,4.05,wAqiSluTMo_2T-dTN4Bozg,234
Alia,2010-09-24,3.86,PV0VEhlmhc2BjzMZEbpWlg,418
Jadira,2009-11-20,3.54,AuvaQaRHBowFaFtoEMqkVg,425
Ariel,2011-12-15,4.15,Gjv3ERasrRJqtEPa7ZMUSw,173
Scott,2010-02-19,3.62,yrGIgk5eaWy-eewLNv4KHQ,559
Mariko,2010-02-07,3.61,V4TPbscN8JsFbEFiwOVBKw,844
Bob,2010-10-14,3.56,QaN-nccbLZPWzownQYgTVQ,384
Ben,2011-06-09,4.12,De-dImXf-TOFWWPTUWwIvw,162
Kristy,2015-06-18,3.73,jlu4CztcSxrKx56ba1a5AQ,575
Tina,2009-07-03,4.23,yis0tDX83YnFLzUbKZ_KFg,301
Lawrence,2010-08-21,3.97,ZyGrNTbnab8N3kmesYaQBQ,264
Jennifer,2009-08-01,3.48,ukkRTJLkQTx95fCalVn6BA,567
Trina,2008-06-09,3.7,o68A_3bAJTge-ioGXHdxKA,504
Mike,2011-05-29,3.48,CDvhiRiczAq0M5pktyiyog,663
Nate,2011-11-12,4.09,i_DR3vdE73nVm2GlMbGpGA,728
Michael,2009-07-06,3.83,jo8vV5iUZLHp617cTKZ7mA,342
Pepper,2011-01-20,3.3,V-BbqKqO8anwplGRx9Q5aQ,769
Kent,2005-04-15,3.91,y5rqDe6uO06WKZ26-Pla8g,436
Aura,2009-12-18,3.91,QTNMJ8unxkk8XT4Tl4a68g,483
Bryan,2013-01-26,4.2,nzoDnGgqbUS0HLUFXz6C-w,258
Jay,2010-10-14,3.62,tWBLn4k1M7PLBtAtwAg73g,674
Cameron,2013-03-03,3.9,M-xJMhi-HphpWaD2992K3A,245
Loren,2012-10-07,3.6,YVQFzWm0H72mLUh-8gzd5w,463
Jia,2012-06-22,3.37,-d2daWmftYumOaYpbD5D8Q,244
Joel,2012-03-13,4.39,JZsDEj8EnFppjzoAFKm-mQ,210
Deb,2008-04-27,3.95,KGsXnYHvYddGaL_jyl0DMQ,385
Joanne,2013-03-12,3.48,orh0HRUNCWuQMt9Iia_osg,624
Ryan,2009-04-12,3.67,SCo1UBoeN3bhRMkSYuiX1A,571
Messer,2011-03-14,4.49,Ug0ujy9-jd0Oc2nk3KIotA,2160
Valerie,2008-05-08,3.56,maK3UBQczh33NuDjBYeHrA,241
Edward,2009-06-05,3.6,UG4EKu13JRwzRix6ESINdg,1074
Deni,2010-07-05,3.61,MMf0LhEk5tGa1LvN7zcDnA,785
Anna,2015-03-15,3.97,jfYO9Y76N5BmfiCg-cTUXw,238
Jasmine,2013-07-24,3.6,sWKaLjpYG6VABf23CXDhyA,292
Caletta,2013-10-30,3.97,HPuywU9mgUcRwf7W-yYz-w,291
Diego,2011-01-30,3.8,9sldtsoM9MFEyPEss0L9kA,364
Sue,2011-04-13,3.34,l-B4axUNxQ9FVVxeQm8t2A,575
Irina,2013-03-18,4.26,xR4engcg6Vm8xToBgKI5FA,351
Amanda,2012-12-04,3.75,Ic6-gs1_FjrWGx6JIr95Mw,923
William,2012-05-28,3.97,1JEXL5K6VTx01tAs6Jskkg,195
Nicki,2011-04-23,3.9,CkM9FtxelvahpE9StyON3A,175
Justin,2012-01-19,3.59,ALw8EN21lby0vWtfD6JfIw,256
Amy,2010-08-13,4.11,79D7HDjpw0iZq6iu52vsSg,286
Matt,2011-05-22,3.83,gmYU_SLgpWgafgSejWdzTg,354
Jay,2010-08-17,3.89,BqE21d_vGACZFU2U8dCRSw,248
Daniel Dong-Kyu,2010-11-29,4.13,NCRGj36ihdwX-VUCYEX41g,317
Matthew,2010-12-03,3.33,M6uDHCxhZybBdngFuBmrHg,251
Heather,2007-08-12,3.71,Rzf35jKV8e8EJdssrae_AA,605
Gerry,2012-01-28,4.01,ywEB0MB_2U11NIGPs35pew,317
Jackie,2011-09-17,4.0,4D6LLuJfao_eHGA6XZR-bA,232
Alexander,2007-06-14,3.56,p_azadim_uWFOXAhhKB3ag,739
Pete,2009-08-24,3.85,1i3WvtGsIW8FGOFLvHHFMw,323
Pierre Trudeau,2006-10-01,3.64,mIysRk_cJ5K_BMZ-r06TFw,370
Marianne,2008-09-16,3.83,8cf5U6sCwYPKDKyLfSi6Ig,274
Meng,2015-02-06,3.45,swx0FJkZWb6nVP58ZsMl7w,179
Sheila,2009-04-06,4.53,7sNE58P4AvsX6QHE8ypCiA,453
Moses,2013-03-22,3.85,D3fOi-5w4intrUTWXzIQew,421
Patricia,2010-06-05,4.07,z_tqPytGQF_tDw_buHKJcw,397
Lindsey,2010-01-11,4.33,RBZ_kMjowV0t6_nv2UKaDQ,1022
Jennifer,2011-04-09,4.11,eAJ3Ip0vh-zuk_BmcmchYA,399
Brittany,2012-01-09,4.15,XNbrAATnVNAg1eTjMjn-pA,570
Mandi,2009-08-12,3.91,cggzCuDDtfvtKFp2fnLzRQ,366
Joanna,2010-01-21,4.07,JQIZhoQB-Tg9hdBEj90m4g,487
Allison,2006-02-17,4.02,qQecSd0lynfB4g-LPa9JCw,647
Vladmir,2014-09-02,4.05,3R_dB9VQ_D3WPJEw7pmorA,957
Ty,2012-01-18,3.42,QqRSNjWhfUFv1ZU0OnYKZQ,195
Naomi,2015-01-25,4.26,x-8ZMKKNycT3782Kqf9loA,248
Steven,2009-06-28,4.07,9Sc7vPSSdC4-Kkm1uzB57w,283
Carmelo,2010-01-27,3.78,gIWzYF7HQ8FPhPZ8e1xhuA,461
Jim,2013-05-19,3.4,TSThCn9RaHqYF1VknVTTRQ,224
Katie,2015-12-21,3.86,SAdffUxscHOEygtbQqREIA,196
Linda,2014-07-13,3.71,CrEBVkzIQs7tS-wWfaCjNQ,502
Zachary,2015-07-22,3.8,JaqcCU3nxReTW2cBLHounA,841
Alexander,2011-11-22,3.59,qPVtjjp8sNQ32p9860SR9Q,1085
Michelle,2011-10-22,4.28,_ykg4Fp8j_tU83q2tYC2FQ,333
Travis,2008-04-21,4.25,G-_KF_Ul4d3WGEa-G0Iq4g,1095
Cara,2010-07-21,3.91,NfU0zDaTMEQ4-X9dbQWd9A,971
Anne,2012-05-30,4.5,GRQeDtlWc1LLbwMuxFESKw,239
Christina,2008-08-03,3.91,u0JoB0Vm1ZhwF8nysxPnfg,515
Preston,2013-01-03,4.1,6HM3Hm3gP0MJ8XN7IkRcRg,247
Amy,2013-06-03,3.36,JesJ-LaNfr3pKhL7gWhDrw,530
Amanda,2012-02-12,2.66,hulIBBzPsCaQDcoh_JgSBA,204
Terry,2011-04-25,3.43,YJYFsF4z-C2qODH5HnGXiw,862
Eric,2015-11-08,3.38,tU94-C1zpBsfGFvpsJJr2w,286
Danny,2015-06-30,4.2,aX6_Pf3njB-H3FrqgnNJ2g,320
Sarah,2015-01-05,3.87,Nq6e5N8bjgD9B46O4va_zA,354
Kellie,2011-08-16,3.75,QmethzRyAvZXS9m1UNJpdw,408
Dennis,2010-06-13,3.3,29yBaTFMSh-l6wNwy9d_mA,263
Ashley,2010-08-19,4.0,z8wN6EQuw_JF-zTjcNgsLw,337
Daren,2008-02-15,3.92,XEHZoTDWjw3w-gcQyYIe4g,621
Stephanie,2011-07-03,4.15,Ad-v2Z4vvuzxZxbpywIm0A,356
Chrisene-Faye,2010-05-21,4.06,SVcQ8yqaLDmjMwPRDwQPaA,193
Andrew,2014-01-04,4.14,sTAAPSkBP_6zxpajW40bHw,232
Thalya,2017-08-06,4.64,G2ToQ5eT91v2hkIT7I4X7g,134
Erin,2010-12-14,3.72,_8y-kAoK4BQ_MmzawRpQFw,186
Taric,2010-07-12,3.55,YpGt3hdq5adPlEFn9fQ2Zw,755
Bao,2010-04-29,3.69,kjeX2RXvW7RhBbD2QLd5jA,822
Vicky,2008-04-25,3.74,YfYas8wdkrrvbqXcBH9x9w,513
Vanessa,2011-04-28,3.38,8OeTLey-p-WaL9ErNEci1Q,670
Gabi,2007-08-10,4.06,dIIKEfOgo0KqUfGQvGikPg,1878
Kay,2012-11-08,3.7,3uPAF2-YwiTUN5NvVH6pIQ,546
Eric,2008-06-11,3.85,aKhv49qQ1A1MDvGZ-cVh7Q,563
Sheena,2013-11-06,3.81,oAil_gYOXUhqWnKA8SwKsw,412
Monique,2009-12-03,3.97,TQ9A1LVp6z-fIc494RsLDQ,711
Brian,2011-06-12,4.06,1fPiKjZhkGWLya1QLkwlhQ,283
Shar,2016-02-17,4.45,6YmRpoIuiq8I19Q8dHKTHw,250
Lauren,2012-01-10,3.76,2U5VJvQ17FtB0wAmpaMowA,315
Arlin,2010-09-30,3.78,0mKUbIUXOvH0cHcGQ1KGqg,300
Faiza,2010-06-27,3.51,Kj9cFO70zZOQorN0mgeLWA,824
Aletheia,2007-10-10,3.64,zSwb7qNpSgU3ekHMpiHsOA,564
Alina,2014-08-18,3.3,hTZb1INhnCG8URaFywVoYQ,374
Faith,2011-03-05,3.59,hLVq7VSJBHZwqurwWoCmpg,559
Faye,2010-11-22,3.63,J3ucveGKKJDvtuCNnb_x0g,754
Shirley,2016-04-15,3.55,eZeBuiVZWT7u3SktO7mv9w,286
Sarah,2014-07-17,4.24,8dxkcmAXY4ttrVFD1GhbdQ,567
Jeff,2011-04-26,4.1,lQCY0csLfjdDn6cdVq43UA,725
Bonnie,2011-05-05,3.92,KMQ-5KpTWIheGxlCOzowWQ,237
Matthew,2012-08-12,3.5,N6ZTMIue-2b30CJv2tyPGg,450
Chelsea,2012-10-15,3.71,d0D7L-vfQDIADolnPAcb9A,785
Tyger,2009-09-10,3.73,mzHRaYLoV-lwX79HghP6lw,309
Jeff,2008-02-27,3.38,rn2DB_YX0BvToYe50RNr_Q,223
Christie,2012-06-17,3.81,Fv0e9RIV9jw5TX3ctA1WbA,859
Yuko,2013-12-08,4.24,Gfxb_D1k8tueAoGn4cseoA,1388
Rick,2014-09-28,4.12,5FAD2Yq7DLBQ_-ef1iDA-A,281
christin,2011-02-09,3.21,QGX5wOzqUxnfd8sePiNQWA,318
Jay,2011-02-06,3.68,Z0GA65zCMI4ska4iHRr8Bg,552
Owen,2014-02-19,3.3,ic-tyi1jElL_umxZVh8KNA,1437
Phillip,2012-12-31,3.75,JrXC_MDp38BWwLn2SFdNsA,679
Melissa,2010-12-24,3.59,S5dGv1vID1hoBZm2A9fK5g,292
Steven,2013-05-10,3.73,7RCz4Ln_FaTvNrdwe251Dg,275
Chris,2014-10-12,4.06,rEVrHXlCNGQNOfWDKxOnTQ,387
Vanessa,2011-09-10,3.45,epkRB3J_oBEiyiwahvdmGg,354
Ali,2014-07-25,4.18,18qEoFOVEernpVLh97PQPQ,417
Regina,2010-06-26,3.92,5wT0vDycEzgq95yVCZ60Aw,569
Patrick,2010-02-17,3.84,S9Jw00eZHVj5_0sOM_C5Rg,1195
Mike,2010-08-27,3.69,L8cvMZLWmM4qWTl9SkxJ8g,489
Rodney,2008-11-17,4.09,F_5_UNX-wrAFCXuAkBZRDw,1227
Janel,2010-09-27,4.28,a48HhwcmjFLApZhiax41IA,315
Dani,2008-10-27,3.33,8ZryN_S-n48g6rsa3W3QtQ,2228
Scott,2008-11-19,3.47,Z128ihQea7BLPh2T9q9sKA,684
Brian,2010-05-10,3.45,_fGju43E8HBbNbvRwT0JfQ,313
Alex,2012-11-19,4.38,ktm2YMsb65tRnePcYpVlqg,546
Lisa,2011-11-21,3.67,PGx4HvY5joEeqXzam6tO7A,373
Ellen,2013-10-03,3.63,PRJMe-RgFnCEhyy7tf3DmQ,228
Joey,2014-02-27,3.52,z6gseuVl0cR7tRLQa_DXuQ,342
Alyse,2011-12-03,4.3,siVtjO8xrSxbrK-zqXCGew,719
Cherie,2013-12-11,3.74,gSO_NFz9zJaddMbldkfOfw,256
Laurie,2009-09-09,4.2,uERlyO-ASZag6XXouCrkhg,524
Roland,2008-01-13,3.7,7QVNLrJDkjsDsCtODlPdsw,399
William,2011-05-06,3.53,H7x9sZ0aXkI6zU1yy6NuEw,188
Melissa,2010-05-12,3.57,htiVdsiY_rBmJc65aZ3YAA,470
Tony,2012-07-29,4.06,H7pj7sbXY3N-WSEwa-JfpA,666
Jesse,2014-01-11,4.85,keBv05MsMFBd0Hu98vXThQ,470
Wowezow,2011-06-10,4.16,VkUfz-QuNF9qeGXUhaNpTA,280
Lauren,2010-03-17,3.58,TbhyP24zYZqZ2VJZgu1wrg,852
Suzanne,2010-11-15,3.97,1Z8g8lyU6ILsItOKJmJmxQ,237
Kay,2013-05-12,4.13,Pm1bHgmnkOJOFkHPAr7PjQ,328
Christine,2014-01-25,4.07,Kq_Cg-INSv4i8wNo1kDF-w,212
Molly,2011-04-29,3.9,ugNQV0isqQSAuuGzoK87sQ,531
Marlon,2015-10-25,4.3,6pzA8EDhHgW3A5-rBObhBA,259
Sarah,2010-05-08,3.3,bxBR0vakC_OAU-5rCYCDsw,315
Becky,2011-02-08,3.63,l5x4wzz9VOcQ22XMthU6uw,174
Courtney,2009-07-30,4.2,0mvmUHuGQL2kRRkX14CkTw,342
Nelson,2008-12-05,4.16,3nDUQBjKyVor5wV0reJChg,1420
Dixie,2011-01-19,3.19,--Qh8yKWAvIP4V4K8ZPfHA,525
Monica,2010-03-08,4.1,bpgbVPJcG-wQ4cNBcPPIxw,1013
Judy,2009-11-07,3.82,iDlkZO2iILS8Jwfdy7DP9A,1165
Stacy,2011-12-20,3.82,gqL5KBs2oS7qobnyd99iKg,1553
Annemarie,2013-06-07,4.26,Xb4aKpOlHkp9dmgTa__Q4g,456
Steph,2011-06-03,4.02,KmBPYlD00BupKSwWxOWA6w,244
Jeff,2012-08-21,4.26,zpwWpno3U-oZaG3AJuKqSQ,295
Bailey,2008-01-26,3.76,fgkJ6KUlrmbKyLDQervxsw,1312
Bobb,2011-10-28,3.98,8teQ4Zc9jpl_ffaPJUn6Ew,662
Amanda,2014-01-17,4.0,JcNSd3dXmIMVHP2CUpvMHA,250
Candice,2011-11-20,3.85,YVdOHf-f4NMfkrEApEZcGQ,334
Manami,2014-02-23,3.64,mEzc6LeTNiQgIVsq3poMbg,207
Jake,2006-10-31,3.83,R4eLJKwG9yQ44vfwaUHS3g,288
Cin,2015-09-26,3.44,XbiKsujS_qxU3xsr0xUqmQ,413
Diane,2014-04-25,3.69,Dgk0Wdoh7HPjhKQEPBU_jQ,185
Lia,2015-05-30,4.57,fj-cFMD2qheCcv3FNvMcEg,205
Heather,2010-05-30,3.85,kWj6AdUtkvbzhdsqRifwLQ,346
Brandon,2010-12-15,3.87,8D8mjeNaJ3DGhl0WX8copA,1028
Angel,2010-12-02,3.94,pZ6P_1V-bTSoYG1fg1TXzw,262
Robyn,2010-12-11,3.8,DPtOaWemjBPvFiZJBi0m8A,300
Chris,2007-04-12,3.69,QCtHk02W_Asu2LFfdmGQDA,412
Travis,2011-04-18,3.69,vKUlUXLVylwdttu7h1_Y5Q,863
Kevin,2010-12-12,3.67,k4M43lXJuQMpQW65DTqzIQ,458
Bunny,2011-06-08,3.93,uEvusDwoSymbJJ0auR3muQ,1176
Michelle,2009-09-10,4.19,ksYpOznbD-22wYpTiacHwA,397
Sarah,2008-02-25,3.53,pQdIIsbV5dGOVz_kWfMRTw,263
Ramil,2010-12-06,3.85,loOoIBFpGbkx8WaIpQndiA,263
Rob,2008-01-02,3.84,1O638BDK_fWuxgTVJwff-A,2253
Allison,2012-08-14,3.5,EiP1OFgs-XGcKZux0OKWIA,906
Danica,2008-04-06,3.7,_jYEC7fvqTxu5R2jhk_NDQ,228
Fred,2012-01-21,2.54,BeitdSC8JuthwhzjGrObwA,227
Paula,2011-06-17,3.96,6Nk8WX1STMTEuKjmRlrh6A,622
Michael,2013-03-28,3.84,5jJjY5_R06Og56VfjIc66A,1337
Joanne,2010-04-11,3.84,SxMBY64n31UHPjxzIastUg,641
Jerry,2012-11-29,3.34,qKJEQrFtW33HWqKzvn3U4A,223
Susan,2017-07-11,4.75,I-4KVZ9lqHhk8469X9FvhA,618
Jennifer,2012-05-04,3.48,jI43jHCXx1R-gg_vYcQWww,239
J,2007-03-19,3.61,QJI9OSEn6ujRCtrX06vs1w,1982
Jessie,2009-10-05,3.61,Ae4uXwFHp-5fGrt6OONaXw,795
Mindy,2009-04-13,3.98,YIMeEHUYm69m-Mqf-NjPHw,637
Heather,2010-07-07,4.28,rPRy7N3WCD3sVCrF60OOnA,302
Mel,2011-12-11,3.93,y3FcL4bLy0eLlkb0SDPnBQ,1561
Norm,2008-12-12,3.76,PKEzKWv_FktMm2mGPjwd0Q,2353
Leslie,2011-08-16,3.46,pwQ8E-hbDUJe3qtKt_IBBg,656
Shokouh,2010-12-02,4.07,akEFRm7rqlxIANKyTlaTOg,327
Serena,2009-07-13,3.81,NnrCwpS1i5mZtkGGzmIk0g,432
Kerry,2015-01-30,4.03,TJNkg75ODHabE5GBfV5wRQ,285
Lostin,2009-04-11,3.33,Gab1_sLsjJLAJojoFd-d-g,173
LuckieMaounds,2009-01-17,3.36,YQPDBJKKFFseQybsvo2rog,594
Brenda,2010-01-25,3.83,sa5zd7bwBQzajQB48Y9SUw,446
Jocelyn,2008-01-27,3.93,xLoEhU6zvFzcc0erH7gfyg,219
Louisa,2007-07-17,3.53,BQkC6RneYfvfG6wRe0hsvQ,1226
Ceci,2009-05-11,3.74,6CbNnrhmjcGLX_FM1vvVrg,421
Erin,2010-08-20,4.12,SCPgLdL2hoeP3Plnc0dkzg,380
Debbie,2006-06-16,4.11,vxR_YV0atFxIxfOnF9uHjQ,353
Chrystalle,2011-08-15,4.12,vPOkQJKahhR13LQ2ElSFGg,737
Mike,2010-01-29,3.77,sOudRDE_R3VYni0rEYFkSA,528
Gee,2010-04-12,3.63,djP46l4v0TQTqhLa-ZB1xw,493
Ricamae,2014-01-24,4.02,5OllWsrKJsYo3XQK6siRKA,164
Nicholas,2013-09-26,3.67,bWJWcQyDKtFSvsTW2tR3hw,228
Jody,2010-01-23,3.44,LvLaYXjvzdrPDXC3Zv3XoA,221
Chris,2011-01-05,3.36,1l_O3VEl9TV_JjKAzzyz0Q,373
Mike,2013-05-11,4.41,iqpSkSV9MwscDuwBNMfTGQ,684
David,2014-03-29,3.32,iRQ_YKpCBdaCwvc2X8_3NQ,429
Misty,2011-01-21,4.03,dwl0NrgPtTZWT_AKJ0ezjQ,377
JOanne,2009-10-28,3.75,77lef7kKkoOVupY-7AmieQ,421
Lauren,2012-06-17,4.45,u3ZPMVVEzneq8x856WksJQ,578
Amy,2013-09-22,4.03,LP883AysBJqOAIzQnIvqnA,297
Bruce,2009-03-08,3.6,hWDybu_KvYLSdEFzGrniTw,9278
Vegegirly,2011-01-05,3.85,jrqE4Jx-boDAxj4X7CLStQ,257
Holly,2009-05-01,4.08,A2JGzkvNjckSmps_4FbKWw,563
Nicole,2011-07-11,3.87,XJYFjbH-oTmu2dATTqyauQ,549
Sandy,2010-01-20,3.99,o4tYl3Hz0oDfpNn4k02DCw,1598
Ric,2008-07-14,3.38,VpqKcpEq2rgoS7Jlb_Aj1Q,199
Brittanie,2009-07-13,3.8,94HchNwPr69BdrF0On9uKQ,669
Fabby,2011-12-28,3.25,TCPLaprJm4FFei2DkW6K6g,394
Kevin,2009-09-18,4.01,OTRxfMCtfrbUemIigxCaOg,255
Kirstin,2009-05-29,3.95,BmipmKVTx37gpfPzK7eU4A,316
Risa,2011-07-30,4.12,Wc5L6iuvSNF5WGBlqIO8nw,1266
Chris,2007-08-12,4.05,_VMGbmIeK71rQGwOBWt_Kg,980
Ursula,2010-05-01,3.31,_ijx1PqANQVFLGNWCibdig,257
Chris,2012-11-07,3.46,2e5V6M4GNufEnbGJpVdCjw,674
Sarah,2013-09-01,3.92,8XKSiMpMxgdwI3qjuqmXFg,415
Elizabeth,2012-10-07,3.8,cCke3VtFLtqgzkgYSrSE2g,762
Dave,2006-01-07,3.22,U2sN2-HGvh27FyXKFlvkBg,387
Jared,2011-09-15,3.68,eOIMO2wT_WbNqmavhnCRxw,591
Jen,2010-10-08,3.84,bnk8hI3N5tprKm_lMK4I-w,486
Danielle,2012-08-14,4.3,njUgJcn8ZN0BdZdNEswRwA,666
Haneen,2014-03-19,4.15,4cZ3f3i0Slv2W9mLN_VZBw,422
Steff,2011-09-17,4.17,AyjqBovADgbskmLrIBOMlQ,246
Barnabas,2008-11-04,3.56,N-Sy8I9byR2Q2gTI99nKxQ,339
Margret,2010-05-04,4.01,fiGqQ7pIGKyZ9G0RqWLMpg,1454
Jin,2007-02-19,3.69,B1829_hxXSEpDPEDJtYeIw,1045
Taryn,2015-08-27,4.15,eVxYV4jI-618bnRCDniowQ,442
Natalie,2012-04-29,3.91,uc9ITBuspRFkl-S3Bo90dg,310
Scott,2008-11-01,3.34,3Vd_ATdvvuVVgn_YCpz8fw,651
Alice,2014-12-21,4.0,WJhQpdUHoFCtpU6gHFjVlQ,194
Meagan,2012-03-12,3.93,eA8WqJj_15lWURDwE6DsKQ,472
Sheila,2007-07-30,3.64,m-BZLIIh5PCAKnzH0qj_0Q,713
Donna,2013-10-27,4.09,lQBZo8_mm80dbwI5bo5c_w,300
Mike,2008-02-06,2.78,TYCkjEHPSJSnFb6m6GDluw,331
Lauren,2015-06-07,4.13,3nIuSCZk5f_2WWYMLN7h3w,1120
Ashley,2011-01-15,3.6,hZfzVrhsCQ9JDAb2jYoJNQ,719
Cecilia,2014-03-27,3.97,NFodPTpbWK7dSymxaBiUXg,154
Aaron,2010-12-12,4.26,nWh05uXTfV-L7s3iZon4Fg,426
Linda,2010-12-14,3.33,bzU8Cl6B9nqV1i5NReobvw,198
George,2012-09-15,4.06,dXIO-WFQJ8pwQ5M2STewZA,205
Charles,2009-02-28,3.71,vwi68eg4bmJHMSYq3jP2OQ,355
Jay,2011-09-17,4.28,DeVGAiOf2mHVUDfxvuhVlQ,458
Calvin,2011-01-26,3.33,1kNsEAhGU8d8xugMuXJGFA,1099
Mel,2011-03-30,3.67,NzlqN1Ca9SW5z780thoiAg,337
John,2010-04-22,3.86,Ry1O_KXZHGRI8g5zBR3IcQ,1324
Richard,2010-07-12,3.6,3cC726zwgerKNNasnidAww,466
Denise,2010-04-06,3.78,alUuOskFSl1bODjnce2PpQ,709
Aileen,2007-10-11,3.42,M9rRM6Eo5YbKLKMG5QiIPA,918
Susan,2010-05-15,4.03,48vRThjhuhiSQINQ2KV8Sw,680
Anne,2012-09-27,3.62,BkMqpJikNc3r5itc-ui6ww,299
Melanie,2011-04-03,3.38,ciXjBfJrAEteIKpzZg4I9g,891
Allison,2012-09-08,3.88,FEwPxhjdVKxSPVQQAHX2gg,248
Michael,2008-07-03,4.1,nXMMoDzXRByQiWH9cf-FAQ,996
Stephanie,2010-09-30,3.71,G5vpnTThIa7Vbjbu7zWQZA,274
Eli,2010-09-28,4.39,9hMqNBBpTl3lBy6qCAyu-A,603
Janelle,2014-05-17,4.36,QbDJB-4XAxn3BGwi6Rrzjw,390
Krista,2012-01-06,4.51,Ij7OcAO5FpoNKxS1RzNoWw,244
Jeff,2009-07-07,3.54,SlgpAnj2gQd44EM_Uq6DkQ,1391
Sammie,2015-03-16,3.95,l1VoG-0-bDF-us7xbWxfeg,378
Heather,2012-04-27,3.73,CWWjR_FeCVTln402tqRIxQ,294
Wil,2007-09-15,3.65,T_RiQ-TOeZf8N2kiCNCiSg,241
Roxy,2009-07-09,3.96,5jz-BicrPZGCp-Mi-oBRUw,557
Tonia,2009-07-09,3.72,5V8eXkTJb6IejJkMDaj_Bw,314
Heather,2013-06-04,3.53,TvenTNXyYtMNtED0i2tXfA,248
Adrienne,2012-09-07,3.63,MylxjEKiTeaWb-GAaPA-zA,310
Rainie,2011-07-12,3.6,KBh4r16e9Grc1HI9pG4wTg,514
Reese,2012-09-16,3.95,cty-VP-wvpUbsa-nPGc1CA,537
Lalena,2014-02-20,3.94,-50XWnmQGqBgEI-9ANvLlg,238
Holly,2009-08-25,3.59,Qjrn5UsK2HBZxx40HYA1iQ,1256
Daniel,2011-02-06,3.62,0tvCcnfJnSs55iB6mqPk3w,1181
Tiffany,2014-10-31,3.88,gOYgSEbE-Z7cqGsgGW3LBg,221
Avner,2011-02-23,3.54,kzRq4H_nSf4b3F_sdymWSw,550
Alison,2012-07-19,3.35,v8QnvfWXCf4651Bxg2vvIw,247
Anthony,2008-07-27,3.97,lsZlV02ZdqEzR-qILdT7Cw,242
Mark,2008-11-24,3.74,3xORNxbKdd08LUf0tclx3A,577
Karen,2006-01-28,3.87,DK57YibC5ShBmqQl97CKog,2206
Lisa,2008-11-14,4.17,T5KBc5QbwZ-Oj9ApE4vZJA,948
Megan,2011-02-20,3.98,0NMeLD8uzXZiniOu-ZpcJw,163
Allen,2010-04-08,3.7,aD263WOD4RShoqgvVhcKqQ,329
Katie,2011-11-05,4.09,zQTEbn5nWGPypxOf2uRPmg,1110
Sunny,2007-08-20,3.56,sTcYq6goD1Fa2WS9MSkSvQ,698
Darlene,2010-07-11,3.68,i3bLA4sEdFk8j3Pq6tx8wQ,236
George,2009-03-04,4.12,UyuWAvDcLp4zU1Wfc1PNXg,321
Teena,2010-07-04,3.38,O3pSxv1SyHpY4qi4Q16KzA,1208
Ashley,2011-05-13,3.84,S0YQ47x5g8SfZe87KGvsJw,400
Marissa,2013-02-09,4.13,QHX3NxFAlda3I32taYzI8w,1224
Kimberly,2013-03-22,3.95,5JVY32_bmTBfIGpCCsnAfw,748
Al,2013-03-03,3.2,tjTrsF-CpDnTcclX-3sCTw,856
Jessica,2010-08-11,4.03,lEw2VL9JCDFk3R5NzahqnA,733
Alice,2016-06-21,3.43,O3q-nwYZykMmacxjru01Zg,474
Paolo,2008-10-15,3.96,YwaKGmRNnSa3R3N4Hf9jLw,1002
Aleks,2011-01-23,3.83,mcJ-A0OGmiWZGBbdWPMfrw,554
Cris,2009-08-22,2.67,0ygWZ_gXF8qTm0bY95JJqA,536
Mallory,2013-02-24,4.27,hCy4Kkyo4N0fFLMDpKjYyw,230
George,2008-07-30,4.0,W5cwxNwGiZJd393PCDQEvA,543
Bryan,2010-05-03,3.33,XPNiTbrKL7f0_6L0lrbZlg,249
Annemarie,2012-04-04,3.84,ObQl16Vuc4sHPGKtzSGNUw,417
Susan,2017-04-28,3.96,yyDp7MZ2st7p0fOQuFYpcA,257
Monica,2009-10-25,3.47,Tsm8VraTp5OGyVALtUiCeQ,951
Erika,2013-01-09,4.09,OXSJCjKtvZPf-YPDCXcWZg,445
Ron,2012-10-07,3.94,PdgpUK6fHArEXsPcKFHXOg,417
Sarah,2012-12-19,4.1,WPcEBAbrPZxvCGlvH9XLsQ,151
Donna,2010-11-14,4.02,WsAejVneMXU-_yp_W0b_2A,234
Lori,2014-10-01,3.8,5CgjjDAic2-FAvCtiHpytA,803
Chad,2004-12-19,3.33,62GNFh5FySkA3MbrQmnqvg,2339
Marty,2010-07-15,3.88,C4-DtyZClKlyIi9_9xc5AA,316
Stephanie,2012-12-11,3.47,U5YQX_vMl_xQy8EQDqlNQQ,1226
Shawn,2009-08-28,3.29,HEvyblFw4I-UsMqgPGYY_Q,814
Candace,2009-06-12,3.72,wJgtf18VKKZq9A6ZQUybQw,550
Amelinda,2012-07-27,3.89,TdYKJgSgY2GF_YJnwsi5yQ,640
Anne,2011-10-30,3.42,M4tyqwsqBRXKAasRrFAD7w,204
Melody,2012-12-13,3.86,pgUQjUl_2G5L9EreDzIjSw,300
Cindy,2011-06-12,4.24,KrT4LHYdRt-m1DMPtVKN4w,280
Shauna,2010-03-12,3.61,HzEtbh5KYzfeW_MTVnGCEA,598
Westie,2007-10-03,3.27,L8P5OWO1Jh4B2HLa1Fnbng,1123
Brad,2011-06-21,3.79,XuuUQeBcibvbFvWyFhFz5Q,195
Nancy,2014-01-11,4.07,Z3nwYQzDUimoUl8LNDIxjQ,601
Andrea,2011-03-11,3.52,wtNopFY2ybprzk4FuEbWJQ,372
Paul,2012-11-07,3.71,VHc1yqBhsE-l3JQFXuWydQ,293
Nicole,2010-04-16,4.02,qlC607Cyp0Mj91vDFvkp3Q,1517
Audrey,2011-07-13,3.64,MMxRLgkd-MgwowmggmR2Dg,581
AMber,2008-08-25,4.1,rA97zeqOrUYuEM69n0Xn4w,374
Teri,2005-07-06,3.66,rt3PC7WCgCKsoufmQJELfw,1014
Lourdes,2015-10-19,4.2,BpJygDyhzDf7Pw1Is_5zSA,217
Kazi,2011-06-27,3.37,QizoV4-z0W1E3oKsNTgqAQ,195
Greg,2010-08-15,3.96,owlUazXSDLaxlOV7z8181g,533
David,2011-02-16,3.74,moj7DUHkP4j9yfwFm-oOHQ,575
Natalie,2011-09-18,3.8,WHmabbfgdSW-JrOU9ePMrA,472
Rana,2010-03-14,3.64,P2E31XC7SP4v_3hXC2o0Xw,537
Mike,2008-06-06,3.38,Z1Ce1N6F7vw9pKnsv8MtRA,930
Cortney,2013-08-13,4.16,9PODl32fViCXhN4NxBdGPQ,209
Nikki,2012-03-26,4.11,E43QxgV87Ij6KxMCHcijKw,668
Mandi,2011-10-20,3.76,LwVUO_5jjHuJRhvl6hlHVg,343
Julie,2010-04-01,3.67,_ir8NHMtV7KPTwmBmlkmQw,281
Andrea,2013-02-28,4.17,eh9uc8xHYR9-rki7fWggQQ,358
Allison,2010-09-12,3.87,vwLV4TkRMoghs86tB1Ke8Q,270
Amy,2008-02-21,3.84,qibGLHABNReGeJr2w4_8yQ,1240
Scott,2011-09-26,3.82,JXHrhT72U6sZJQSkFfNzjw,1018
Irene,2011-09-06,4.12,m1X96vPIYRja96l0O0G-3Q,231
Mary,2013-11-29,4.33,Cfwvos6oFlDquGiI2Qy1gQ,313
Terry,2009-07-29,3.4,T9QzRoP0LZYU7yar41Q7ig,230
Robert,2011-05-05,4.06,aq7PsU-EerT2gSPsBc_FCw,164
Shaya,2010-09-14,4.05,zcDVJ2FLanBw3ZfT_zpL-A,137
Aimee,2009-09-04,3.88,36uY0YLHy70zR7YoXLUKSA,295
Ilene,2011-09-04,3.77,hilL60vuuh06sMxs6Ckkog,485
Art,2009-04-16,3.64,Kgmvv8Y7WJLNOvbIiKHCoA,344
Matthew,2007-04-08,3.81,oWd7wL340Z9JiGf5Wu_bSQ,665
Max,2007-08-16,3.58,oaaEXgQ3x51cXE3GTXrT1Q,408
Imran,2011-03-24,3.57,yT_QCcnq-QGipWWuzIpvtw,877
Doug,2012-09-15,4.08,asL1d04xS3y8YQtU5ota-g,332
Brad,2010-07-22,3.8,QtuzG4-zmGTdB0jSMC54tg,146
Janet,2008-05-13,3.78,ctXFXk9-m6PCMoI-Nz2_XQ,1129
Allison,2012-09-16,4.1,pUQdU4MlkB46jIdYs9oMUA,243
Debbie,2015-04-12,3.38,26WgdHfEjWj4BrN-cUNhVw,277
Tom,2011-02-02,3.99,NWuFF7-HjYE9dvt_xGbEhw,317
Michael,2008-01-05,4.02,PeLGa5vUR8_mcsn-fn42Jg,1257
Brooke,2011-11-30,3.41,r0j4IpUbcdC1-HfoMYae4w,333
Fern,2008-10-07,3.34,WXlxViTwXHPBvhioljN9PQ,463
Jacqui,2014-11-09,3.97,0gtEsazPeHr5rj2IAsZePg,339
Nicolette,2012-01-16,3.56,4N-HU_T32hLENLntsNKNBg,188
Georgia,2007-01-06,3.98,sYQyXDjGaJj7wfaqz5u8KQ,708
Melissa,2010-04-11,4.07,OPJ0TW8tt5UanY2_YpCgIQ,195
Abby,2014-10-20,4.09,cTkwhMLSavNOO_swPKf-ZA,272
Shawn,2009-09-26,4.06,eZZyuJDouIg4p-GYB3PV_A,531
Tina,2009-08-17,3.71,i6V3NyTdkBVwPpH7r2BINA,525
Michelle,2012-03-01,3.38,c40DTzCb-fHY6vI03PNRLw,239
Matthew,2015-03-18,3.91,uAJNBvcJA2kIsGx_sSofEw,164
Jade,2009-04-28,3.8,n86B7IkbU20AkxlFX_5aew,1185
Chan,2010-07-14,4.2,0nqshyLgABOSyTfJUTthjQ,325
DJ,2010-10-30,3.62,Lfv4hefW1VbvaC2gatTFWA,907
David,2010-07-08,4.3,iXGoQVfBXU0CrwrRBWXozA,327
Lisa,2013-01-23,3.81,renPzRDqMZpMaHiCD_e1_A,473
Rod,2009-01-13,3.87,oeAhRa8yFa9jtrhaHnOyxQ,913
Sam,2009-08-29,3.93,S1kkm-OMFEemqZ1KAsatKw,241
Kristy,2014-07-26,3.73,sdLns7062kz3Ur_b8wgeYw,415
Georgette,2013-08-27,4.26,fxrQSMhHlBv6eJVRdchG9Q,469
Suzanne,2011-07-12,4.05,CQZpblGIHeMlD7KqNP7J7Q,318
Rich,2010-05-17,4.03,KBSFwLHntHwf0e28a94ckg,210
Charles,2013-11-06,3.94,EcYPCwJtFcQ-Ih9BG6mcUA,205
Shannon,2011-11-23,3.95,_AwABkxw1joJPXn-j9dNiA,383
Diana,2011-01-02,2.53,v7FPnMzdbl6J7U_8H1BWZA,305
Corey,2010-06-14,4.07,JUT0U3HTSB3kz9Wh7N0GqA,869
Shannon,2012-04-10,4.14,XMy-OTpVY8O1L-8w1zOKcw,325
Rockne,2012-03-09,4.0,CNaaizAUc2c4WIb1M3BBPw,646
Ash,2009-09-29,3.75,-xDW3gYiYaoeVASXywTPgw,264
Joanne,2013-04-05,3.75,cCpiu1GqdzxlvANKuiAp0Q,274
Nitin,2014-12-29,4.41,bLExVDNKxXMjjZcx3YG36Q,127
Erin,2011-02-21,4.07,2nE0zU6y_F7gkwHi3yL6cQ,596
Darren,2009-02-06,3.96,rCWrxuRC8_pfagpchtHp6A,1450
Andi,2009-09-27,3.85,yL4whR1Qb63FptG9IVRdVQ,323
John,2008-05-01,4.02,-Ox7QPz0G56GOzT0ex-f5Q,153
Itanni,2011-08-13,3.49,eRDWzHCldd6YXypRECvHYg,389
Jennifer,2012-07-23,3.89,c2MQ_LPuvtiiKFR_-OY9pg,339
Raven-Joie,2011-06-07,3.69,OoyQYSeYNyRVOmdO3tsxYA,293
Paul,2011-01-09,3.52,Q7IoE5m2heQKThuVq3SYFA,627
Tommy,2010-09-30,3.87,aWXGwath_dSGPwNdFiy9BQ,300
Jim,2007-07-07,3.62,QuZbJquRtbY9O9JrB9NpxQ,1660
Abby,2015-09-09,3.66,xDl9ZF3SckkZde_48W6WeA,920
Hania,2013-09-28,3.93,vW1kHIcXk8ZWIlkXj9qKIg,215
Candy,2014-07-09,3.5,80qYPp6Fk_jmO3334DKGGg,197
Rob,2012-01-30,3.74,aOAqs5leMNiPSbszvE-_Cw,479
Niki,2010-03-12,3.38,T1XUUXIEU5uj3NmdWAdIlA,181
Soleil,2012-05-09,3.49,PGeiszoVusiv0wTHVdWklA,931
Blair,2007-05-08,3.82,kmE8w5Y785eZmodsx0V6Ag,772
Craig,2010-05-17,3.62,SBnmBbp_2em6cdA7z0-duQ,333
Ian,2011-10-31,3.96,r2R9t9_0Je8wP-wh4-xM3w,201
John,2009-02-23,4.0,sL9dYZyNLpzLD3cfTWwyOQ,236
Bill,2009-09-24,3.64,vBSzgSvcawxtaDuIdi9hCA,310
Misti,2010-01-08,3.95,qewG3X2O4X6JKskxyyqFwQ,907
Fred,2008-05-27,3.41,sjWvk3DZapZ-9ULAFtDmYw,425
Teresa,2008-07-27,3.76,57tf_RmT5o3BiFj2gpV-Jg,367
Christine,2011-10-25,3.96,D2ljL5ejuqpa4f8fnZ1qjw,308
Michael,2008-01-31,3.87,U4INQZOPSUaj8hMjLlZ3KA,4182
Cassandra,2014-05-07,3.78,U-nR7ND8CDN2x8ia73CH2Q,501
Tu Anh,2011-05-23,3.73,f0TN5yZ7JBMKIzr3hSuwFQ,281
Meleah,2014-06-30,3.62,QGKOTCbS-gpAMWPADGmf0w,219
Carol,2010-08-26,4.16,FIk4lQQu1eTe2EpzQ4xhBA,861
Kenneth,2010-04-22,4.0,jL41h4Ez98PZfqiKzbbY1w,287
C J,2011-01-07,3.69,cKpBRurDHfW3z-YwZbKWlw,189
Jessica,2009-09-26,3.83,XLNaiWF21OsAf0fMV6kuSg,350
Anthony,2010-07-18,3.84,v3YOx9T4jRSw8XP9Rd9H4g,155
Lauren,2010-07-30,4.01,_9WKSGfBn193Wl3vd7kt1A,280
Doriee,2011-02-02,3.76,oqTZC9WriodTCby6jl0LfQ,380
David,2011-01-26,3.89,N3oNEwh0qgPqPP3Em6wJXw,1052
Day-Trader,2008-10-04,3.6,ewtoMdU18BDfoEnRsQ8QiA,333
Rodney,2009-04-12,3.78,nOr3_aq60yivqgcso_iDMw,723
Kristine,2012-01-18,4.08,CZs1Eq7t1fqpXV1yox-CVg,265
Thomas,2007-05-03,3.66,UmXzwFM2OkZHWJ5cJZlqkg,538
Latoya,2012-03-05,3.81,_pMzR6yoPbU98t-NH8TZ3w,240
Mark,2012-11-28,3.95,bnKo6L4MgcUbLZH7fmnkrA,475
Brett,2007-08-03,3.84,rMsB82tk9uOB6JumPMgczg,433
Merichelle,2010-09-02,4.15,4ECIXWllFTxtJaj1cKOZWw,220
Cathy,2012-07-31,3.87,tH0uKD-vNwMoEc3Xk3Cbdg,1178
Danielle,2009-06-29,3.56,8QKrhvVqhEkD8xo4E4s0GQ,879
Chris,2009-12-27,3.76,rHgT6lBbZ2PaHt0UWfTMtw,585
Lynn,2009-12-16,3.58,HyXK2GNR9i4SWpLQGOqQYQ,1075
Violeta,2008-08-03,3.83,W9MPolPlUiUEXYfGnYiHEQ,372
Jesse,2009-09-08,3.7,ocB1WhramMTkICc5sZ1bUQ,366
Michelle,2009-09-13,3.64,-8rSnT5ztVk6vmTDkxTqsQ,323
Maria,2011-02-06,3.6,_oCiEDUZqu91P0Tzdl_wMA,310
Juan,2012-08-16,4.24,PcvbBOCOcs6_suRDH7TSTg,1317
Tom,2009-06-06,3.73,33v8c5ftrKuDGTw1ZQ2toQ,499
Jane,2011-05-27,3.99,zsJLk34mTDMyuVS_EaBLxw,216
Sabrina,2011-12-06,4.38,sGO-stZSJKX39qzKfUraYw,219
Glenn,2008-12-16,3.43,-RhRXVW9z9fs5zzxhFfnHg,416
Jill,2009-03-11,3.69,erJ1HQwavgZx4996SMIxrA,381
Arthur,2013-11-12,3.85,Jbd1x8jj3EgOkQMZ3RImKw,467
Donna,2014-03-17,4.14,EIj7osC_bYTkv4eyHHuvNQ,410
Sonia,2011-02-21,3.96,buv4fFmsJhDfFWvOgUWxtw,164
F,2009-08-22,3.04,zzPvEodjvLPe-5NvV0U_cg,300
Rachael,2009-10-19,3.95,PrwnAL82LL4Ewt_wJpHWCA,570
April,2010-12-13,3.65,DoRCeCcJbrsM2BiAKj3trA,841
Mike,2010-12-12,3.75,Tr7YMpWd1XZdXdm35CatqA,227
Arizona,2010-11-23,2.72,m35ODBrr76JYr20nxoMg_w,520
Elaine,2012-11-02,3.54,JoT5g6CXb8CBQ_QLmKnIRA,213
Andy,2014-05-14,4.05,aK_IdNCJUdk2haKC3GuM_Q,134
Michael,2009-06-18,3.5,0KeT9NKimYkHN0wlrij-dg,711
A,2007-07-06,3.93,YfvMjY-G6y86Ov2tS5Txww,417
Bonnie,2009-09-15,3.61,rNjgVKaBh1PlUA6dYB6EUw,610
Christian,2010-08-14,3.51,EGJXgD6YPieaUCQxfOdXbg,386
Mirit,2013-07-17,3.32,leY7FqJ3NKPzpM5awAQ2-Q,226
Tim,2012-02-03,3.59,yGXKMV1omio1I_3qNLdtAA,410
Jessica,2010-12-02,3.99,LWinqJdSeptUcP2jPvryhw,383
Tim,2006-12-20,3.8,6jz_Yr6_AP2WWLbj9gGDpA,1164
Jennifer,2009-11-09,3.31,CxDOIDnH8gp9KXzpBHJYXw,6082
Theresa,2011-11-02,3.89,Tdv7HZa4Hyjm-X0MtNmeag,398
Judy,2013-04-12,4.21,ehzvSXsijzgxsYHvXeaS-Q,607
David,2016-03-31,3.44,BlSbxxb1vyfFoLGjfHh5dg,211
Vivek,2009-03-23,3.74,BGzavA_ddMr-jGmhArv7fg,700
Eric,2011-05-14,3.63,wnO99pBbGqwqOoTQM25iCw,428
Serianna,2009-04-01,3.48,k6vOe0_qglL2PZlBldoKeQ,236
Donald,2008-09-24,3.75,SrF972IxsELYQ3eaWB5X4A,448
Justin,2014-01-01,4.21,w9WmBotuUdQlmuLa3XUkFQ,213
Amy,2007-11-25,3.87,tJ1qdNdG0tZywbgH9uw9qw,357
Katie,2015-06-12,3.8,OQBMu7x0V4Oz3iFv3x0i5Q,492
P,2008-10-20,4.05,dt9IHwfuZs9D9LOH7gjNew,1214
Giannabrie,2011-04-18,3.56,TB9ibgXVrq1B7-fajbsu8g,380
Karla,2014-07-22,3.83,6Ki3bAL0wx9ymbdJqbSWMA,976
Rachel,2009-02-05,3.14,OLn8EvPsu4hNug8V5PF2jA,963
Brian,2014-07-23,3.74,0hZfE2He1YssM_wEvKhfcA,296
James,2011-12-29,4.06,WM7MFrRP-7YFuGBAJ6quRQ,284
Rachel,2010-08-15,3.71,VigsAph76fP7pechJ743EA,633
Philip,2007-06-09,3.94,8DEyKVyplnOcSKx39vatbg,819
Tina,2009-11-08,3.89,Y_2jMUKz6pvJ0JSWG3u10A,636
Ben,2009-05-25,4.17,RylA6VZUTRuMGBu4nHKbCw,942
Tricia,2007-09-11,3.66,PomQayG1WhMxeSl1zohAUA,391
Kate,2012-02-26,3.56,qUL3CdRRF1vedNvaq06rIA,599
Katelyn,2014-09-21,3.76,y05H_1uQhO4frLTJ5_tGCQ,416
Kat,2009-02-09,3.77,JnPIjvC0cmooNDfsa9BmXg,994
Chris,2007-07-25,3.55,cAY_gYiIq68RkWhLennaKw,412
Cyn,2009-10-04,3.93,vnWKs2dgqDuR_yNI5qJG5g,288
Julie,2009-11-10,4.05,7weuSPSSqYLUFga6IYP4pg,251
Teri,2011-01-31,3.58,rKkpHJkJ27xOwnhy_bMkvA,856
Victoria,2011-11-03,4.25,wqcO86hX2t2X9MsDIsIwnQ,390
Rachel,2011-01-05,3.88,4wp4XI9AxKNqJima-xahlg,1149
Hashani,2013-07-16,3.64,C5QsUsQg5I3dMdLM02SXGA,523
Terri,2010-07-30,4.3,7Oe6ikklTjVBbEFw9emLcA,852
Nadia,2006-09-18,4.1,0UI9KTPdtkwl9lMdMT-Sgg,381
Irene,2011-11-12,4.23,EJ7ZhRHsMWj8du77LX34gw,354
Chrislynn,2015-07-09,3.72,MC0aQHT7mQ1WJknOD6u8pg,310
Arlene,2013-02-28,3.7,fmzIm7RxEdii5Jz44PtO7g,907
TJ,2008-12-17,3.5,5UYjT5YDKSuApFax2t2eqg,243
Allison,2007-07-19,3.3,6w6pXL1N1q9RkmG6b4Su6g,316
Shirley,2014-09-06,3.73,QlRsVCCytArycuuKSyUBLg,385
Jason,2008-12-27,3.58,L15JCA18Ib_vMUVJILxiSw,237
Dolores,2009-06-08,3.71,gH3JDpHQfVcMEGaAaCJPjA,569
Camille,2008-11-25,3.84,lKPUyA6DveoWk-3zFrHA9w,408
David,2011-05-01,3.47,zWWcik1fRPZviBCQLC26FQ,572
Tigra,2014-06-28,3.81,rRrFcSEZOTw6iZagsIwTFQ,447
Donna,2008-06-05,4.05,r9tjKaqLvLKF7PvDnUsFnA,555
Rachel,2011-07-01,3.81,5aPp3PnDs50CfWMapd7yEg,637
Sheena,2014-07-20,3.92,Z09rco1enQXNCd9H0u7kvg,522
Susan,2013-04-08,3.76,GSvZ1ZJmVqQA9O2NVfO1TQ,332
Peggy,2010-12-29,3.76,M4yYtAXehUzaHB1ghl6EXg,407
Steve,2011-04-14,3.47,YE54kKTuqJJPNYWIKIpOEQ,820
Jennifer,2010-12-27,3.58,d_TBs6J3twMy9GChqUEXkg,1884
Chukki,2009-09-26,3.48,ffPY_bHX8vLebHu8LBEqfg,1021
Karen,2010-07-20,4.23,LRki_2GO-IGTh-3IBOBOMg,232
Peaches,2010-12-30,3.72,P0rGN5mDue55uIiAzkrRlw,158
Dennis,2011-05-30,4.09,s2o_JsABvrZVm_T03qrBUw,882
Joyce,2009-09-05,3.82,zFYs8gSUYDvXkb6O7YkRkw,701
Jewelyn,2009-04-25,4.06,0nOIH8qIMnmZdLCTemnRsw,851
J,2014-09-06,3.16,PFENoZUD77aioJGrnllIKA,374
Evelyn,2010-08-29,4.08,Q9mA60HnY87C1TW5kjAZ6Q,1215
Melissa,2011-08-17,3.65,Kp5KHBSmV-Htc9NeSjJfPA,603
Noor,2011-06-10,3.58,CEoMgtYwcskmU6VOeDAwVw,428
Denise,2013-02-10,4.0,M3YpU8fRyTZAQIn08bDT4g,247
Lea,2010-10-25,3.98,1dWLN4Mr4hKhu8MQUCKqXQ,459
Nikki,2011-04-09,3.5,deL6e_z9xqZTIODKqnvRXQ,502
Christina,2011-01-17,3.49,OvYN86BmZyP87SaTO7mHkQ,275
Ken,2010-05-02,4.09,KxGeqg5ccByhaZfQRI4Nnw,817
Toryanni,2011-06-08,4.37,e9V-hsaLlQIFvo5GnJIkbg,360
Lynn,2015-11-04,3.85,zH6racrZ7rUqqv_Qy6dZDQ,417
Cindy,2016-03-29,4.26,zlFj4sJmPwzS1WdEB0FnFQ,313
Alicia,2006-10-26,3.75,KeuwC8E1238SP6xyKpBM6w,504
Taylor,2011-06-14,3.89,4d13xAX2jp2EbGF8I9eZZw,284
Lauren,2014-03-15,3.99,8oNbx_xxll_oNUh-x-s16g,169
Asina,2010-12-01,3.41,an-ijVpGQxgiOBX9qTBOyQ,262
Albert,2009-03-29,3.26,Q4Qfu-3vYtL1LRm2X1b0Gg,1223
Ursula,2011-08-10,3.76,DHQWSHz6b7Jsy-A04m1cIA,335
Mia,2012-07-12,3.77,Q6Dcxo3_lNCzkqK7J3FL7A,578
Robert,2011-05-11,3.73,wXZS42D0L8hoCiSh2Krc_A,501
Kieran,2011-01-21,3.78,LwvPZ1bQt5-Zl1xxPberVQ,353
Taylor,2010-10-10,4.18,NhgU7RhuYYFmpkb1jlYJ6Q,326
Virgil,2011-02-21,3.86,Yg08tRMxm0eaL-rXyNIAHw,259
Christina,2017-03-18,3.88,byV70bKT87SHgN0uRtow6w,330
Chris,2008-07-05,3.97,pKn_H1nkgrwJS6TuHODsvQ,493
Tony,2008-02-11,3.84,RQlnSCjuqMnhR3Qk6j4KoA,587
Michele,2015-09-02,3.83,YvqFcX5s0cHhqAFrXvNOHw,214
Emily,2010-10-18,3.7,UYcmGbelzRa0Q6JqzLoguw,1657
Mary,2007-11-10,3.91,dEk7mXM4npuDPmxrwPcEgQ,644
Vijay,2008-12-08,4.0,8DX3pBJt96HqRxV8ACLdYA,567
Precilla,2011-03-29,3.89,Jt1zgNmwz_jheOSmEsljPQ,228
Steven,2014-06-01,3.61,86RJ2VAQoUypqdf7ZEpEXg,339
April,2012-08-27,3.6,j_j4DLfvNkhCRNWC0VBS9g,609
Kurdy,2009-04-06,4.05,8DGFWco9VeBAxjqsuh1aSw,336
Kathy,2010-05-25,4.32,LQG9wFTmscbAATp8QWj1hg,501
Dwayne,2011-09-11,3.93,SRK_sUnvRmMwfexoL_DLQA,676
Geselle,2013-06-24,3.78,wxQCLMnuVYbdtmQCc2ryZg,423
Jody,2009-10-12,3.76,WwW0bh9cXtyl4ruIKjlAqg,320
Jennifer,2012-08-27,3.68,6NYDXzkyYW3O2zYjzPRMsg,305
Bri,2009-03-03,3.64,XNSyl47aXuPsvC5zXm5uhw,483
Laura,2011-02-10,3.83,_jjbwHWLFA5GjWFWGLj4ZQ,453
Deb,2010-07-24,4.17,2-XLTj0Cfd81_XlmHo02Aw,851
J,2012-01-22,2.9,Lyj3OLJOGkqnjq2ZApa1lg,440
Raina,2008-04-06,3.7,FOoN3DJzDUnl4EAQaTJIGg,301
